1,basegame
2,basegame
3,basegame
4,basegame
5,basegame
6,basegame
7,basegame
8,basegame
9,basegame
10,basegame
11,basegame
12,basegame
13,basegame
14,basegame
15,basegame
16,basegame
17,basegame
18,basegame
19,basegame
20,basegame
21,basegame
22,basegame
23,basegame
24,basegame
25,basegame
26,basegame
27,basegame
28,basegame
29,basegame
30,basegame
31,basegame
32,basegame
33,basegame
34,basegame
35,basegame
36,basegame
37,basegame
38,basegame
39,basegame
40,basegame
41,basegame
42,basegame
43,basegame
44,basegame
45,basegame
46,basegame
47,basegame
48,basegame
49,basegame
50,basegame
51,basegame
52,basegame
53,basegame
54,basegame
55,basegame
56,basegame
57,basegame
58,basegame
59,basegame
60,basegame
61,basegame
62,basegame
63,basegame
64,basegame
65,basegame
66,basegame
67,basegame
68,basegame
69,basegame
70,basegame
71,basegame
72,basegame
73,basegame
74,basegame
75,basegame
76,basegame
77,basegame
78,basegame
79,basegame
80,basegame
81,basegame
82,basegame
83,basegame
84,basegame
85,basegame
86,basegame
87,basegame
88,basegame
89,basegame
90,basegame
91,basegame
92,basegame
93,basegame
94,basegame
95,basegame
96,basegame
97,basegame
98,basegame
99,basegame
100,basegame
101,basegame
102,basegame
103,basegame
104,basegame
105,basegame
106,basegame
107,basegame
108,basegame
109,basegame
110,basegame
111,basegame
112,basegame
113,basegame
114,basegame
115,basegame
116,basegame
117,basegame
118,basegame
119,basegame
120,basegame
121,basegame
122,basegame
123,basegame
124,basegame
125,basegame
126,basegame
127,basegame
128,basegame
129,basegame
130,basegame
131,basegame
132,basegame
133,basegame
134,basegame
135,basegame
136,basegame
137,basegame
138,basegame
139,basegame
140,basegame
141,basegame
142,basegame
143,basegame
144,basegame
145,basegame
146,basegame
147,basegame
148,basegame
149,basegame
150,basegame
151,basegame
152,basegame
153,basegame
154,basegame
155,basegame
156,basegame
157,basegame
158,basegame
159,basegame
160,basegame
161,basegame
162,basegame
163,basegame
164,basegame
165,basegame
166,basegame
167,basegame
168,basegame
169,basegame
170,basegame
171,basegame
172,basegame
173,basegame
174,basegame
175,basegame
176,basegame
177,basegame
178,basegame
179,basegame
180,basegame
181,basegame
182,basegame
183,basegame
184,basegame
185,basegame
186,basegame
187,basegame
188,basegame
189,basegame
190,basegame
191,basegame
192,basegame
193,basegame
194,basegame
195,basegame
196,basegame
197,basegame
198,basegame
199,basegame
200,basegame
201,basegame
202,basegame
203,basegame
204,basegame
205,basegame
206,basegame
207,basegame
208,basegame
209,basegame
210,basegame
211,basegame
212,basegame
213,basegame
214,basegame
215,basegame
216,basegame
217,basegame
218,basegame
219,basegame
220,basegame
221,basegame
222,basegame
223,basegame
224,basegame
225,basegame
226,basegame
227,basegame
228,basegame
229,basegame
230,basegame
231,basegame
232,basegame
233,basegame
234,basegame
235,basegame
236,basegame
237,basegame
238,basegame
239,basegame
240,basegame
241,basegame
242,basegame
243,basegame
244,basegame
245,basegame
246,basegame
247,basegame
248,basegame
249,basegame
250,basegame
251,basegame
252,basegame
253,basegame
254,basegame
255,basegame
256,basegame
257,basegame
258,basegame
259,basegame
260,basegame
261,basegame
262,basegame
263,basegame
264,basegame
265,basegame
266,basegame
267,basegame
268,basegame
269,basegame
270,basegame
271,basegame
272,basegame
273,basegame
274,basegame
275,basegame
276,basegame
277,basegame
278,basegame
279,basegame
280,basegame
281,basegame
282,basegame
283,basegame
284,basegame
285,basegame
286,basegame
287,basegame
288,basegame
289,basegame
290,basegame
291,basegame
292,basegame
293,basegame
294,basegame
295,basegame
296,basegame
297,basegame
298,basegame
299,basegame
300,basegame
301,basegame
302,basegame
303,basegame
304,basegame
305,basegame
306,basegame
307,basegame
308,basegame
309,basegame
310,basegame
311,basegame
312,basegame
313,basegame
314,basegame
315,basegame
316,basegame
317,basegame
318,basegame
319,basegame
320,basegame
321,basegame
322,basegame
323,basegame
324,basegame
325,basegame
326,basegame
327,basegame
328,basegame
329,basegame
330,basegame
331,basegame
332,basegame
333,basegame
334,basegame
335,basegame
336,basegame
337,basegame
338,basegame
339,basegame
340,basegame
341,basegame
342,basegame
343,basegame
344,basegame
345,basegame
346,basegame
347,basegame
348,basegame
349,basegame
350,basegame
351,basegame
352,basegame
353,basegame
354,basegame
355,basegame
356,basegame
357,basegame
358,basegame
359,basegame
360,basegame
361,basegame
362,basegame
363,basegame
364,basegame
365,basegame
366,basegame
367,basegame
368,basegame
369,basegame
370,basegame
371,basegame
372,basegame
373,basegame
374,basegame
375,basegame
376,basegame
377,basegame
378,basegame
379,basegame
380,basegame
381,basegame
382,basegame
383,basegame
384,basegame
385,basegame
386,basegame
387,basegame
388,basegame
389,basegame
390,basegame
391,basegame
392,basegame
393,basegame
394,basegame
395,basegame
396,basegame
397,basegame
398,basegame
399,basegame
400,basegame
401,basegame
402,basegame
403,basegame
404,basegame
405,basegame
406,basegame
407,basegame
408,basegame
409,basegame
410,basegame
411,basegame
412,basegame
413,basegame
414,basegame
415,basegame
416,basegame
417,basegame
418,basegame
419,basegame
420,basegame
421,basegame
422,basegame
423,basegame
424,basegame
425,basegame
426,basegame
427,basegame
428,basegame
429,basegame
430,basegame
431,basegame
432,basegame
433,basegame
434,basegame
435,basegame
436,basegame
437,basegame
438,basegame
439,basegame
440,basegame
441,basegame
442,basegame
443,basegame
444,basegame
445,basegame
446,basegame
447,basegame
448,basegame
449,basegame
450,basegame
451,basegame
452,basegame
453,basegame
454,basegame
455,basegame
456,basegame
457,basegame
458,basegame
459,basegame
460,basegame
461,basegame
462,basegame
463,basegame
464,basegame
465,basegame
466,basegame
467,basegame
468,basegame
469,basegame
470,basegame
471,basegame
472,basegame
473,basegame
474,basegame
475,basegame
476,basegame
477,basegame
478,basegame
479,basegame
480,basegame
481,basegame
482,basegame
483,basegame
484,basegame
485,basegame
486,basegame
487,basegame
488,basegame
489,basegame
490,basegame
491,basegame
492,basegame
493,basegame
494,basegame
495,basegame
496,basegame
497,basegame
498,basegame
499,basegame
500,basegame
501,basegame
502,basegame
503,basegame
504,basegame
505,basegame
506,basegame
507,basegame
508,basegame
509,basegame
510,basegame
511,basegame
512,basegame
513,basegame
514,basegame
515,basegame
516,basegame
517,basegame
518,basegame
519,basegame
520,basegame
521,basegame
522,basegame
523,basegame
524,basegame
525,basegame
526,basegame
527,basegame
528,basegame
529,basegame
530,basegame
531,basegame
532,basegame
533,basegame
534,basegame
535,basegame
536,basegame
537,basegame
538,basegame
539,basegame
540,basegame
541,basegame
542,basegame
543,basegame
544,basegame
545,basegame
546,basegame
547,basegame
548,basegame
549,basegame
550,basegame
551,basegame
552,basegame
553,basegame
554,basegame
555,basegame
556,basegame
557,basegame
558,basegame
559,basegame
560,basegame
561,basegame
562,basegame
563,basegame
564,basegame
565,basegame
566,basegame
567,basegame
568,basegame
569,basegame
570,basegame
571,basegame
572,basegame
573,basegame
574,basegame
575,basegame
576,basegame
577,basegame
578,basegame
579,basegame
580,basegame
581,basegame
582,basegame
583,basegame
584,basegame
585,basegame
586,basegame
587,basegame
588,basegame
589,basegame
590,basegame
591,basegame
592,basegame
593,basegame
594,basegame
595,basegame
596,basegame
597,basegame
598,basegame
599,basegame
600,basegame
601,basegame
602,basegame
603,basegame
604,basegame
605,basegame
606,basegame
607,basegame
608,basegame
609,basegame
610,basegame
611,basegame
612,basegame
613,basegame
614,basegame
615,basegame
616,basegame
617,basegame
618,basegame
619,basegame
620,basegame
621,basegame
622,basegame
623,basegame
624,basegame
625,basegame
626,basegame
627,basegame
628,basegame
629,basegame
630,basegame
631,basegame
632,basegame
633,basegame
634,basegame
635,basegame
636,basegame
637,basegame
638,basegame
639,basegame
640,basegame
641,basegame
642,basegame
643,basegame
644,basegame
645,basegame
646,basegame
647,basegame
648,basegame
649,basegame
650,basegame
651,basegame
652,basegame
653,basegame
654,basegame
655,basegame
656,basegame
657,basegame
658,basegame
659,basegame
660,basegame
661,basegame
662,basegame
663,basegame
664,basegame
665,basegame
666,basegame
667,basegame
668,basegame
669,basegame
670,basegame
671,basegame
672,basegame
673,basegame
674,basegame
675,basegame
676,basegame
677,basegame
678,basegame
679,basegame
680,basegame
681,basegame
682,basegame
683,basegame
684,basegame
685,basegame
686,basegame
687,basegame
688,basegame
689,basegame
690,basegame
691,basegame
692,basegame
693,basegame
694,basegame
695,basegame
696,basegame
697,basegame
698,basegame
699,basegame
700,basegame
701,basegame
702,basegame
703,basegame
704,basegame
705,basegame
706,basegame
707,basegame
708,basegame
709,basegame
710,basegame
711,basegame
712,basegame
713,basegame
714,basegame
715,basegame
716,basegame
717,basegame
718,basegame
719,basegame
720,basegame
721,basegame
722,basegame
723,basegame
724,basegame
725,basegame
726,basegame
727,basegame
728,basegame
729,basegame
730,basegame
731,basegame
732,basegame
733,basegame
734,basegame
735,basegame
736,basegame
737,basegame
738,basegame
739,basegame
740,basegame
741,basegame
742,basegame
743,basegame
744,basegame
745,basegame
746,basegame
747,basegame
748,basegame
749,basegame
750,basegame
751,basegame
752,basegame
753,basegame
754,basegame
755,basegame
756,basegame
757,basegame
758,basegame
759,basegame
760,basegame
761,basegame
762,basegame
763,basegame
764,basegame
765,basegame
766,basegame
767,basegame
768,basegame
769,basegame
770,basegame
771,basegame
772,basegame
773,basegame
774,basegame
775,basegame
776,basegame
777,basegame
778,basegame
779,basegame
780,basegame
781,basegame
782,basegame
783,basegame
784,basegame
785,basegame
786,basegame
787,basegame
788,basegame
789,basegame
790,basegame
791,basegame
792,basegame
793,basegame
794,basegame
795,basegame
796,basegame
797,basegame
798,basegame
799,basegame
800,basegame
801,basegame
802,basegame
803,basegame
804,basegame
805,basegame
806,basegame
807,basegame
808,basegame
809,basegame
810,basegame
811,basegame
812,basegame
813,basegame
814,basegame
815,basegame
816,basegame
817,basegame
818,basegame
819,basegame
820,basegame
821,basegame
822,basegame
823,basegame
824,basegame
825,basegame
826,basegame
827,basegame
828,basegame
829,basegame
830,basegame
831,basegame
832,basegame
833,basegame
834,basegame
835,basegame
836,basegame
837,basegame
838,basegame
839,basegame
840,basegame
841,basegame
842,basegame
843,basegame
844,basegame
845,basegame
846,basegame
847,basegame
848,basegame
849,basegame
850,basegame
851,basegame
852,basegame
853,basegame
854,basegame
855,basegame
856,basegame
857,basegame
858,basegame
859,basegame
860,basegame
861,basegame
862,basegame
863,basegame
864,basegame
865,basegame
866,basegame
867,basegame
868,basegame
869,basegame
870,basegame
871,basegame
872,basegame
873,basegame
874,basegame
875,basegame
876,basegame
877,basegame
878,basegame
879,basegame
880,basegame
881,basegame
882,basegame
883,basegame
884,basegame
885,basegame
886,basegame
887,basegame
888,basegame
889,basegame
890,basegame
891,basegame
892,basegame
893,basegame
894,basegame
895,basegame
896,basegame
897,basegame
898,basegame
899,basegame
900,basegame
901,basegame
902,basegame
903,basegame
904,basegame
905,basegame
906,basegame
907,basegame
908,basegame
909,basegame
910,basegame
911,basegame
912,basegame
913,basegame
914,basegame
915,basegame
916,basegame
917,basegame
918,basegame
919,basegame
920,basegame
921,basegame
922,basegame
923,basegame
924,basegame
925,basegame
926,basegame
927,basegame
928,basegame
929,basegame
930,basegame
931,basegame
932,basegame
933,basegame
934,basegame
935,basegame
936,basegame
937,basegame
938,basegame
939,basegame
940,basegame
941,basegame
942,basegame
943,basegame
944,basegame
945,basegame
946,basegame
947,basegame
948,basegame
949,basegame
950,basegame
951,basegame
952,basegame
953,basegame
954,basegame
955,basegame
956,basegame
957,basegame
958,basegame
959,basegame
960,basegame
961,basegame
962,basegame
963,basegame
964,basegame
965,basegame
966,basegame
967,basegame
968,basegame
969,basegame
970,basegame
971,basegame
972,basegame
973,basegame
974,basegame
975,basegame
976,basegame
977,basegame
978,basegame
979,basegame
980,basegame
981,basegame
982,basegame
983,basegame
984,basegame
985,basegame
986,basegame
987,basegame
988,basegame
989,basegame
990,basegame
991,basegame
992,basegame
993,basegame
994,basegame
995,basegame
996,basegame
997,basegame
998,basegame
999,basegame
1000,basegame
